{
  "assetsByChunkName": {
    "vendors~app-account~app-checkout~app-confirmation~app-order": "chunk.d9e797cd477c5645c06c.js",
    "vendors~app-account~app-confirmation~app-order": "chunk.d79690ed77a1c580c3fc.js",
    "vendors~app-account~app-checkout": "chunk.800d931820669acadcf4.js",
    "admin": [
      "admin.a8b32fdc52cfef987e0e.js",
      "admin.a8b32fdc52cfef987e0e.js.map"
    ],
    "app-account": "chunk.300cb65f9afea4873327.js",
    "app-confirmation": "chunk.13100844da51e560fd5f.js",
    "app-order": "chunk.a6cb3dedf62d040f59cb.js",
    "checkout": [
      "checkout.70f7d760e34340f5a168.js",
      "checkout.70f7d760e34340f5a168.js.map"
    ],
    "storefront": [
      "storefront.d597e4a590e9767cd782.css",
      "storefront.10192f49dee697f88eab.js",
      "storefront.d597e4a590e9767cd782.css.map",
      "storefront.10192f49dee697f88eab.js.map"
    ],
    "vendors~app-cart": "chunk.0efdb3124e42d22cdf55.js",
    "vendors~app-checkout": "chunk.d61c882be090e2569201.js"
  }
}